stock_id,industry
3687,文化創意業
3629,光電業
5481,電子零組件業
5450,電腦及週邊設備業
6238,其他電子類
00835B,上櫃指數股票型基金(ETF)
00837B,上櫃指數股票型基金(ETF)
00798B,上櫃指數股票型基金(ETF)
6497,生技醫療業
5349,電子零組件業
01003T,受益證券
01004T,受益證券
01005T,受益證券
01007T,受益證券
01009T,受益證券
01002T,受益證券
01008T,受益證券
01001T,受益證券
711133,所有證券
709985,所有證券
711132,所有證券
711131,所有證券
709994,所有證券
710499,所有證券
711127,所有證券
710502,所有證券
711126,所有證券
710569,所有證券
710505,所有證券
710510,所有證券
710516,所有證券
710533,所有證券
710534,所有證券
710590,所有證券
710553,所有證券
710560,所有證券
710575,所有證券
710561,所有證券
710509,所有證券
709983,所有證券
711134,所有證券
709972,所有證券
73193P,所有證券
73107P,所有證券
711145,所有證券
711141,所有證券
711140,所有證券
711139,所有證券
711137,所有證券
710566,所有證券
709966,所有證券
709403,所有證券
708785,所有證券
711135,所有證券
8934,其他
5304,電腦及週邊設備業
00833B,上櫃指數股票型基金(ETF)
00854B,上櫃指數股票型基金(ETF)
00855B,上櫃指數股票型基金(ETF)
6438,其他電子類
00874B,上櫃指數股票型基金(ETF)
00873B,上櫃指數股票型基金(ETF)
00871B,上櫃指數股票型基金(ETF)
6426,通信網路業
00868B,上櫃指數股票型基金(ETF)
3092,電子零組件業
2241,電機機械
2614,貿易百貨
1453,紡織纖維
2429,電子零組件業
1456,紡織纖維
2459,電子通路業
6165,電子零組件業
3450,其他電子業
8499,其他
1443,紡織纖維
3669,光電業
020017,指數投資證券(ETN)
3219,半導體業
6275,其他電子類
5604,航運業
3313,電子零組件業
8354,塑膠工業
3685,光電業
6506,化學工業
5345,電子零組件業
8489,文化創意業
00839B,上櫃指數股票型基金(ETF)
00869B,上櫃指數股票型基金(ETF)
00832B,上櫃指數股票型基金(ETF)
4152,生技醫療業
00879B,上櫃指數股票型基金(ETF)
00872B,上櫃指數股票型基金(ETF)
00880B,上櫃指數股票型基金(ETF)
2928,觀光事業
3144,電子零組件業
4803,文化創意業
020021,指數投資證券(ETN)
8406,生技醫療業
020009,指數投資證券(ETN)
020003,指數投資證券(ETN)
4429,紡織纖維
2495,其他電子業
6431,光電業
2340,光電業
00838B,上櫃指數股票型基金(ETF)
5321,電子零組件業
5209,資訊服務業
3512,電子零組件業
8080,電子零組件業
00889B,上櫃指數股票型基金(ETF)
5102,橡膠工業
00843B,上櫃指數股票型基金(ETF)
00796B,上櫃指數股票型基金(ETF)
3652,電腦及週邊設備業
020010,指數投資證券(ETN)
5820,金融業
3642,其他電子類
00745B,上櫃指數股票型基金(ETF)
020013,指數投資證券(ETN)
02003L,指數投資證券(ETN)
00747B,上櫃指數股票型基金(ETF)
020014,指數投資證券(ETN)
6247,其他電子類
00748B,上櫃指數股票型基金(ETF)
6869,創新板股票
6873,創新板股票
6594,半導體業
2432,通信網路業
00765B,上櫃指數股票型基金(ETF)
1258,食品工業
8941,貿易百貨
5703,觀光事業
3522,觀光事業
2748,觀光事業
6195,貿易百貨
5704,觀光事業
2745,觀光事業
2743,觀光事業
2740,觀光事業
2739,觀光事業
2736,觀光事業
5706,觀光事業
2734,觀光事業
3252,觀光事業
2731,觀光事業
2752,觀光事業
5701,觀光事業
5364,觀光事業
2729,觀光事業
9960,貿易百貨
4804,觀光事業
2937,貿易百貨
9943,觀光事業
2924,貿易百貨
2916,貿易百貨
5278,電子商務業
8477,電子商務業
5287,電子商務業
5301,觀光事業
3171,貿易百貨
2756,觀光事業
2755,觀光事業
2754,觀光事業
2753,觀光事業
5902,貿易百貨
2732,觀光事業
2727,觀光事業
1268,觀光事業
5903,貿易百貨
1259,觀光事業
6741,電子商務業
8472,電子商務業
6763,電子商務業
2701,觀光事業
2947,貿易百貨
8044,電子商務業
8433,貿易百貨
8462,觀光事業
3085,電子商務業
8066,貿易百貨
8077,觀光事業
2702,觀光事業
6728,貿易百貨
2705,觀光事業
2726,觀光事業
5904,貿易百貨
2724,觀光事業
5905,貿易百貨
2723,觀光事業
2704,觀光事業
2722,觀光事業
2719,觀光事業
8940,觀光事業
2706,觀光事業
2718,觀光事業
2712,觀光事業
2707,觀光事業
3054,半導體業
3130,資訊服務業
8467,其他
6581,其他
8454,貿易百貨
8473,其他
8438,其他
8464,其他
8422,其他
8478,其他
1472,紡織纖維
2442,電腦及週邊設備業
9934,其他
5306,其他
4536,其他
6806,其他
6807,其他
9930,其他
8482,其他
6768,其他
3708,化學工業
9802,其他
9904,其他
9910,其他
9911,其他
9914,其他
2424,電腦及週邊設備業
9924,其他
6754,其他
2062,其他
8341,其他
9955,其他
1598,化學生技醫療
6641,其他
6670,其他
6671,其他
9935,其他
6689,其他電子業
1736,化學生技醫療
1439,紡織纖維
3557,其他
1432,貿易百貨
9921,其他
1593,生技醫療業
6616,其他
6811,資訊服務業
6804,其他
6803,其他
8087,光電業
2640,其他
3073,半導體業
8423,其他
6690,資訊服務業
8171,通信網路業
8420,其他
6629,其他
6624,其他
8390,其他
8440,其他
3178,電機機械
4154,生技醫療業
4702,化學工業
3713,光電業
3551,其他電子類
8476,其他
8924,其他
4530,電機機械
5205,其他電子類
8928,其他
8933,其他
4609,電器電纜
8938,其他
6123,電腦及週邊設備業
8916A,其他
3089,電子零組件業
4129A,生技醫療業
4944,光電業
5281,光電業
00744B,上櫃指數股票型基金(ETF)
6404,資訊服務業
02002L,指數投資證券(ETN)
020024,指數投資證券(ETN)
6472,生技醫療業
4736,生技醫療業
8418,其他
6446,生技醫療業
4712,食品工業
4578,電機機械
3627,光電業
6914,其他
6562,生技醫療業
4949,光電業
1563,電機機械
6953,半導體業
6423,半導體業
6928,電腦及週邊設備業
6771,綠能環保
6881,其他
6794,生技醫療業
5383,其他電子類
5432,光電業
4419,紡織纖維
3465,電子零組件業
6865,資訊服務業
6198,半導體業
8091,電子零組件業
6903,其他電子業
6952,農業科技
6813,電腦及週邊設備業
6637,生技醫療業
6617,生技醫療業
6951,綠能環保
020026,指數投資證券(ETN)
3150,半導體業
7751,電子工業
00831B,上櫃指數股票型基金(ETF)
7584,文化創意業
6999,化學生技醫療
6838,生技醫療業
6968,居家生活
5233,其他電子業
6958,其他
8041,電機機械
6739,其他電子業
2751,觀光餐旅
4772,化學工業
6967,電子零組件業
6923,綠能環保
1294,食品工業
6913,電子零組件業
6919,生技醫療業
6514,通信網路業
00721B,上櫃指數股票型基金(ETF)
8272,資訊服務業
2646,航運業
6955,生技醫療業
7705,觀光餐旅
7704,半導體業
7712,半導體業
6982,電機機械
6885,生技醫療業
7708,觀光餐旅
8045,通信網路業
7722,數位雲端
7703,其他電子業
6996,半導體業
6997,數位雲端
6720,半導體業
6757,創新版股票
1230,電器電纜
1311,塑膠工業
1523,電機機械
4733,化學工業
1716,化學生技醫療
1606,電器電纜
1601,電器電纜
3214,電子工業
2452,電子零組件業
2447,電子工業
6949,創新版股票
2446,電子工業
2463,電子工業
3638,半導體業
2526,建材營造
6119,電子工業
2479,電子工業
2350,其他電子業
2473,電子工業
1107,其他
2494,通信網路業
910069,存託憑證
8078,通信網路業
2469,電子工業
2361,電子工業
8008,電子工業
6286,電子工業
9101,存託憑證
2418,電子工業
6924,創新版股票
9110,存託憑證
0080,ETF
2381,電子工業
0081,ETF
2411,電子工業
2403,電子通路業
911201,存託憑證
020022,ETN
2396,電子工業
2391,電子工業
2384,電子工業
6902,創新版股票
6854,創新版股票
910948,存託憑證
020008,ETN
9102,存託憑證
910322,存託憑證
9104,存託憑證
910482,存託憑證
9105,存託憑證
910579,存託憑證
9106,存託憑證
3142,電子工業
910708,存託憑證
3697,半導體業
911602,存託憑證
020002,ETN
910861,存託憑證
020004,ETN
020005,ETN
020006,ETN
020007,ETN
910801,存託憑證
9103,存託憑證
3614,電子工業
2341,電子工業
911868,存託憑證
911626,存託憑證
6004,金融保險
2891A,金融保險
3061,光電業
6645,創新版股票
2887C,金融保險
2883A,金融保險
911622,存託憑證
3367,電子工業
2854,金融保險
911619,存託憑證
1520,其他
2837,金融保險
911616,存託憑證
911612,存託憑證
2833A,金融保險
2833,金融保險
2831,金融保險
2827,金融保險
2847,金融保險
8487,創新版股票
9801,貿易百貨
9157,存託憑證
3053,電子工業
6012,金融保險
6534,創新版股票
9151,存託憑證
9188,存託憑證
3020,電子通路業
3009,電子工業
913889,存託憑證
00906,ETF
3007,電子工業
6280,電子工業
9136,存託憑證
912398,存託憑證
6255,電子工業
912000,存託憑證
2807,金融保險
3474,半導體業
911610,存託憑證
3573,電子工業
9922,其他
5280,電子工業
2336,電子工業
3080,光電業
3584,光電業
911611,存託憑證
911606,存託憑證
3598,電子工業
3599,光電業
00866,ETF
916665,存託憑證
00729R,ETF
0060,ETF
3271,半導體業
6702,航運業
3063,電子工業
911609,存託憑證
5854,金融保險
8199,電子工業
911608,存託憑證
3702A,電子通路業
2254,創新版股票
6988,創新版股票
3534,半導體業
9915,其他
2258,創新版股票
8162,創新版股票
2315,電子工業
6969,創新版股票
6457,半導體業
00679B,上櫃指數股票型基金(ETF)
00687B,上櫃指數股票型基金(ETF)
006201,上櫃指數股票型基金(ETF)
00842B,上櫃指數股票型基金(ETF)
00780B,上櫃指數股票型基金(ETF)
00870B,上櫃指數股票型基金(ETF)
00789B,上櫃指數股票型基金(ETF)
00788B,上櫃指數股票型基金(ETF)
00787B,上櫃指數股票型基金(ETF)
00786B,上櫃指數股票型基金(ETF)
00877,上櫃指數股票型基金(ETF)
00785B,上櫃指數股票型基金(ETF)
00883B,上櫃指數股票型基金(ETF)
00884B,上櫃指數股票型基金(ETF)
00784B,上櫃指數股票型基金(ETF)
00887,上櫃指數股票型基金(ETF)
00888,上櫃指數股票型基金(ETF)
00782B,上櫃指數股票型基金(ETF)
00890B,上櫃指數股票型基金(ETF)
00781B,上櫃指數股票型基金(ETF)
00694B,上櫃指數股票型基金(ETF)
00779B,上櫃指數股票型基金(ETF)
00778B,上櫃指數股票型基金(ETF)
00777B,上櫃指數股票型基金(ETF)
00773B,上櫃指數股票型基金(ETF)
00772B,上櫃指數股票型基金(ETF)
00790B,上櫃指數股票型基金(ETF)
00867B,上櫃指數股票型基金(ETF)
00791B,上櫃指數股票型基金(ETF)
00864B,上櫃指數股票型基金(ETF)
00840B,上櫃指數股票型基金(ETF)
00836B,上櫃指數股票型基金(ETF)
00844B,上櫃指數股票型基金(ETF)
00834B,上櫃指數股票型基金(ETF)
00845B,上櫃指數股票型基金(ETF)
00846B,上櫃指數股票型基金(ETF)
00847B,上櫃指數股票型基金(ETF)
00848B,上櫃指數股票型基金(ETF)
00849B,上櫃指數股票型基金(ETF)
00853B,上櫃指數股票型基金(ETF)
00768B,上櫃指數股票型基金(ETF)
00799B,上櫃指數股票型基金(ETF)
00795B,上櫃指數股票型基金(ETF)
00857B,上櫃指數股票型基金(ETF)
00858,上櫃指數股票型基金(ETF)
00794B,上櫃指數股票型基金(ETF)
00859B,上櫃指數股票型基金(ETF)
00860B,上櫃指數股票型基金(ETF)
00793B,上櫃指數股票型基金(ETF)
00862B,上櫃指數股票型基金(ETF)
00792B,上櫃指數股票型基金(ETF)
00863B,上櫃指數股票型基金(ETF)
00856B,上櫃指數股票型基金(ETF)
00928,上櫃指數股票型基金(ETF)
00886,上櫃指數股票型基金(ETF)
00931B,上櫃指數股票型基金(ETF)
00718B,上櫃指數股票型基金(ETF)
00746B,上櫃指數股票型基金(ETF)
00741B,上櫃指數股票型基金(ETF)
00966B,上櫃指數股票型基金(ETF)
00740B,上櫃指數股票型基金(ETF)
00967B,上櫃指數股票型基金(ETF)
00968B,上櫃指數股票型基金(ETF)
00764B,上櫃指數股票型基金(ETF)
00969B,上櫃指數股票型基金(ETF)
00959B,上櫃指數股票型基金(ETF)
00970B,上櫃指數股票型基金(ETF)
00727B,上櫃指數股票型基金(ETF)
00726B,上櫃指數股票型基金(ETF)
00725B,上櫃指數股票型基金(ETF)
00719B,上櫃指數股票型基金(ETF)
00724B,上櫃指數股票型基金(ETF)
00720B,上櫃指數股票型基金(ETF)
00723B,上櫃指數股票型基金(ETF)
00722B,上櫃指數股票型基金(ETF)
00841B,上櫃指數股票型基金(ETF)
00734B,上櫃指數股票型基金(ETF)
00958B,上櫃指數股票型基金(ETF)
00749B,上櫃指數股票型基金(ETF)
00957B,上櫃指數股票型基金(ETF)
00761B,上櫃指數股票型基金(ETF)
00760B,上櫃指數股票型基金(ETF)
00942B,上櫃指數股票型基金(ETF)
00750B,上櫃指數股票型基金(ETF)
00759B,上櫃指數股票型基金(ETF)
00758B,上櫃指數股票型基金(ETF)
00937B,上櫃指數股票型基金(ETF)
00948B,上櫃指數股票型基金(ETF)
00756B,上櫃指數股票型基金(ETF)
00755B,上櫃指數股票型基金(ETF)
00950B,上櫃指數股票型基金(ETF)
00696B,上櫃指數股票型基金(ETF)
00754B,上櫃指數股票型基金(ETF)
00695B,上櫃指數股票型基金(ETF)
00955,上櫃指數股票型基金(ETF)
00751B,上櫃指數股票型基金(ETF)
00933B,上櫃指數股票型基金(ETF)
00697B,上櫃指數股票型基金(ETF)
7715,綠能環保
7732,電機機械
7714,數位雲端
6931,生技醫療業
6994,綠能環保
4749,光電業
6495,化學工業
7713,生技醫療業
7734,半導體業
7709,電機機械
6872,生技醫療業
7728,其他電子業
7631,其他電子業
2248,電機機械
7718,鋼鐵工業
7736,電機機械
3467,半導體業
020015,ETN
020016,ETN
3202,電子零組件業
6936,農業科技
7723,觀光餐旅
6597,電子零組件業
6626,文化創意業
2437,電子工業
6498,光電業
7743,食品工業
6909,半導體業
7642,電機機械
7805,電腦及週邊設備業
7555,生技醫療業
1295,食品工業
1585,電子零組件業
6925,數位雲端
6944,綠能環保
6187,其他電子類
6240,其他
6829,電機機械
5443,光電業
5348,通信網路業
8383,其他電子類
6208,電子零組件業
5314,半導體業
4950,其他
3521,電腦及週邊設備業
00925,ETF
6918,生技醫療業
7740,綠能環保
6287,半導體業
7747,數位雲端
6589,生技醫療業
5277,光電業
020018,ETN
020019,ETN
7547,數位雲端
7721,數位雲端
3135,半導體業
7753,光電業
4166,生技醫療業
4945,半導體業
7765,數位雲端
7780,食品工業
7610,綠能環保
4441,紡織纖維
7860,化學生技醫療
7799,生技醫療業
7750,電機機械
2750,觀光餐旅
4585,其他電子業
8497,其他
6971,綠能環保
7738,數位雲端
7788,電子零組件業
7757,觀光餐旅
7716,航運業
7782,居家生活
7791,食品工業
7730,半導體業
6699,半導體業
2888B,金融保險
2888A,金融保險
2897A,金融保險
3158,資訊服務業
7786,綠能環保
7711,電腦及週邊設備業
6831,電腦及週邊設備業
6474,電子通路業
6614,數位雲端
7744,電子零組件業
7769,半導體業
6747,生技醫療業
02001S,ETN
020023,指數投資證券(ETN)
6730,生技醫療業
7767,資訊服務業
7770,半導體業
6910,數位雲端
6884,資訊服務業
6288,汽車工業
7777,其他
8102,半導體業
6272,電子零組件業
1613,電器電纜
7810,半導體業
6620,生技醫療業
6764,其他
02001B,指數投資證券(ETN)
6725,其他電子業
6403,通信網路業
3315,電子工業
3559,電子工業
7795,電子零組件業
6722,其他電子業
7893,電子工業
6961,觀光餐旅
1623,電器電纜
7792,其他電子業
4590,電機機械
6934,生技醫療業
5547,建材營造
7811,運動休閒
6908,電子通路業
2072,鋼鐵工業
7822,半導體業
6028,金融業
3616,電機機械
4169,生技醫療業
6652,生技醫療業
4132,生技醫療業
4773,化學工業
7821,其他電子業
7794,居家生活
7828,半導體業
1729,生技醫療業
7820,綠能環保
7760,觀光餐旅
1715,塑膠工業
4178,生技醫療業
3485,光電業
7772,半導體業
7768,半導體業
7842,綠能環保
4195,生技醫療業
7818,其他
3514,電子工業
5305,電子工業
5264,電子工業
5259,電子工業
6131,電子工業
3579,電子工業
4984,電子工業
3698,電子工業
3519,電子工業
2448,電子工業
2325,電子工業
6422,電子工業
3561,電子工業
2311,電子工業
2456,電子工業
6145,電子工業
6172,電子工業
2475,電子工業
2499,電子工業
7803,生技醫療業
4582,綠能環保
4987,電腦及週邊設備業
6983,其他電子業
7907,其他
02001R,ETN
7819,資訊服務業
2601,貿易百貨
7827,生技醫療業
7920,化學生技醫療
1469,紡織纖維
6125,光電業
2230,電機機械
4905,通信網路業
6163,通信網路業
1595,電子零組件業
4924,電腦及週邊設備業
6236,其他
3067,其他電子類
8932,其他
3131,其他電子類
5381,電子零組件業
00774B,ETF
00766L,ETF
00776,ETF
3426,電機機械
1902,造紙工業
00732,ETF
6945,生技醫療業
00742,ETF
00767,ETF
00743,ETF
00774C,ETF
3682,通信網路業
7839,數位雲端
6251,電子零組件業
3454,光電業
6289,光電業
1591,電機機械
3383,光電業
1780,生技醫療業
1592,汽車工業
2936,貿易百貨
6986,生技醫療業
00699R,ETF
008201,ETF
00716R,ETF
00691R,ETF
0058,ETF
0059,ETF
00667,ETF
00659R,ETF
00705R,ETF
00649,ETF
0054,ETF
00658L,ETF
00704L,ETF
00672L,ETF
00677U,ETF
00698L,ETF
7931,其他
1724,化學工業
1704,化學工業
3536,半導體業
4725,化學工業
1262,其他
8427,其他
00685L,ETF
2443,其他
2358,其他
8480,其他
2841,建材營造
2823,金融保險
2856,金融保險
3036A,電子通路業
2809,金融保險
2888,金融保險
1589,電機機械
1507,電機機械
6452,生技醫療業
4141,生技醫療業
4144,生技醫療業
1701,生技醫療業
6234,光電業
6233,半導體業
6235,電子工業
6531,電子工業
6218,通信網路業
6532,半導體業
6525,電子工業
6231,資訊服務業
6219,建材營造
6225,光電業
6527,生技醫療業
6224,電子零組件業
6226,光電業
6530,通信網路業
6227,電子通路業
6228,電腦及週邊設備業
6229,半導體業
6230,電子工業
6223,半導體業
6526,電子工業
6222,光電業
6221,資訊服務業
6220,電子零組件業
6217,電子零組件業
6189,電子工業
6190,通信網路業
6191,電子工業
6192,其他電子業
6194,電子零組件業
8908,油電燃氣業
6196,其他電子業
6197,電子工業
8906,其他
6188,電腦及週邊設備業
8905,其他
8916,其他
6175,電子零組件業
8921,其他
6541,生技醫療業
6176,光電業
6177,建材營造
6179,其他
6180,文化創意業
6182,半導體業
6183,資訊服務業
6184,其他
6185,電子零組件業
6186,建材營造
8917,油電燃氣業
6199,其他
6201,其他電子業
6210,電子零組件業
6212,建材營造
6213,電子工業
6214,資訊服務業
6215,其他電子業
6533,電子工業
6216,通信網路業
6209,電子工業
6202,半導體業
6539,生技醫療業
6203,電子零組件業
6204,電子零組件業
6205,電子工業
6206,電子工業
6538,電子零組件業
6536,資訊服務業
6207,電子零組件業
6535,生技醫療業
6237,半導體業
6515,半導體業
8488,其他
8455,其他電子類
8450,文化創意業
6494,半導體業
6432,電子零組件業
6434,光電業
6435,半導體業
8446,文化創意業
6493,生技醫療業
6441,電腦及週邊設備業
6442,通信網路業
6443,光電業
6428,文化創意業
8458,文化創意業
6504,其他
6499,生技醫療業
6417,通信網路業
6418,電子零組件業
6419,光電業
8466,其他
8415,鋼鐵工業
8444,其他
8416,資訊服務業
8463,其他
6496,生技醫療業
8421,其他
6425,電機機械
8443,貿易百貨
6483,生技醫療業
6461,生技醫療業
6462,半導體業
6464,其他
8429,貿易百貨
6465,通信網路業
6482,文化創意業
6467,生技醫療業
8435,其他
6469,生技醫療業
6470,通信網路業
6473,數位雲端
8431,其他電子類
8432,生技醫療業
6477,光電業
6505,油電燃氣業
6456,電子工業
8436,生技醫療業
8442,其他
6492,生技醫療業
6491,生技醫療業
8424,建材營造
6449,電子工業
6451,半導體業
8426,其他
6486,通信網路業
6485,半導體業
8437,其他
6488,半導體業
6416,電子工業
6415,電子工業
6261,半導體業
6263,通信網路業
6264,建材營造
6265,電子通路業
6266,電子零組件業
6269,電子工業
6270,電子通路業
6259,電子零組件業
8401,其他
6271,電子工業
8403,生技醫療業
8404,其他
8409,生技醫療業
6274,電子零組件業
8481,其他
6257,電子工業
6239,半導體業
6523,生技醫療業
6518,生技醫療業
6241,通信網路業
6242,生技醫療業
6243,半導體業
6517,光電業
6244,光電業
6245,通信網路業
6246,光電業
6516,資訊服務業
6248,鋼鐵工業
8410,電腦及週邊設備業
6512,其他電子類
6291,半導體業
8411,其他
6292,電子零組件業
6294,文化創意業
6405,光電業
6290,電子零組件業
6409,其他電子業
6411,半導體業
6412,電子工業
6414,電子工業
6407,電子零組件業
6276,電腦及週邊設備業
6277,電子工業
6278,光電業
6510,半導體業
6509,化學工業
6279,電子零組件業
6281,電子工業
6508,農業科技業
6282,電子工業
6283,其他電子業
6284,電子零組件業
6285,通信網路業
6174,電子零組件業
6128,電腦及週邊設備業
8923,文化創意業
5285,半導體業
9937,油電燃氣業
5288,電機機械
5289,電腦及週邊設備業
5291,電子零組件業
5292,綠能環保
5297,半導體業
5299,半導體業
5302,半導體業
9933,其他
5309,電子零組件業
5310,資訊服務業
9931,油電燃氣業
5284,其他
5312,生技醫療業
5283,電器電纜
9939,其他
5246,半導體業
5248,光電業
5251,光電業
5254,電子零組件業
5258,電子工業
5262,半導體業
9941A,其他
5263,文化創意業
5267,光電業
5269,半導體業
5271,電子零組件業
5272,半導體業
5274,半導體業
5276,其他
9941,其他
9940,其他
9938,其他
5245,光電業
5386,電腦及週邊設備業
5388,通信網路業
5392,光電業
5398,其他
5403,資訊服務業
5410,資訊服務業
5425,半導體業
5426,電腦及週邊設備業
9918,油電燃氣業
5434,電子工業
5438,電腦及週邊設備業
5439,電子零組件業
5452,其他電子類
5455,建材營造
9919,其他
5315,光電業
9929,其他
9928,其他
5324,建材營造
5328,電子零組件業
5340,電子零組件業
5344,半導體業
9927,其他
5347,半導體業
9926,油電燃氣業
5351,半導體業
5353,通信網路業
5355,電子零組件業
5356,電腦及週邊設備業
9925,其他
5371,光電業
5457,電子零組件業
5244,電子工業
5243,電子工業
4968,半導體業
4971,半導體業
4972,光電業
4973,半導體業
4974,電子零組件業
4976,光電業
9958,鋼鐵工業
9957,鋼鐵工業
4977,通信網路業
4979,通信網路業
4980,電子零組件業
4989,電子工業
4991,半導體業
4994,資訊服務業
4967,電子工業
4961,電子工業
4943,電子工業
9962,鋼鐵工業
4946,文化創意業
4951,半導體業
4952,半導體業
4953,資訊服務業
4956,光電業
4958,電子工業
4960,光電業
4966,半導體業
4995,光電業
4999,電子零組件業
5213,建材營造
5215,電子工業
5220,光電業
5222,半導體業
5223,電腦及週邊設備業
5225,其他電子業
5227,電子零組件業
5228,電子零組件業
5230,光電業
5234,光電業
5236,半導體業
9942,其他
5240,光電業
5212,資訊服務業
9944,其他
5211,資訊服務業
5007,鋼鐵工業
5009,鋼鐵工業
5011,鋼鐵工業
5013,鋼鐵工業
9951,電機機械
5014,鋼鐵工業
5015,鋼鐵工業
5016,鋼鐵工業
9950,塑膠工業
5201,資訊服務業
5202,資訊服務業
5203,資訊服務業
9949,文化創意業
5206,建材營造
9946,建材營造
5210,資訊服務業
9945,其他
6173,電子零組件業
5460,電子零組件業
5465,電腦及週邊設備業
6124,電子零組件業
6126,電子零組件業
6127,電子零組件業
6129,半導體業
6130,生技醫療業
8937,其他
6133,電子工業
6134,電子零組件業
6136,通信網路業
8936,其他
6138,半導體業
8935,其他
6139,其他電子業
6122,電機機械
6120,電子工業
6108,電子工業
6109,通信網路業
6111,文化創意業
6112,資訊服務業
6113,電子通路業
8999,其他
6114,電子零組件業
6115,電子工業
6116,光電業
6117,電子工業
6118,電子通路業
8996,電機機械
8942,其他
6121,電腦及週邊設備業
6104,半導體業
6141,電子工業
6160,電腦及週邊設備業
6161,電腦及週邊設備業
6164,光電業
8929,其他
8927,油電燃氣業
6166,電子工業
8926,油電燃氣業
6167,光電業
6168,光電業
6169,文化創意業
6170,通信網路業
6171,建材營造
6158,電子零組件業
6140,資訊服務業
6156,電子零組件業
6155,電子工業
6142,通信網路業
6143,通信網路業
6144,文化創意業
6146,其他電子類
6147,半導體業
6148,資訊服務業
6150,電腦及週邊設備業
8931,油電燃氣業
8930,鋼鐵工業
6151,其他電子類
6152,通信網路業
6153,電子工業
6154,電子通路業
5464,電子零組件業
6103,半導體業
6035,金融業
5515,建材營造
5516,建材營造
5519,建材營造
5520,建材營造
5521,建材營造
5522,建材營造
5523,建材營造
5525,建材營造
5529,建材營造
5530,其他
5531,建材營造
5533,建材營造
5534,建材營造
5536,其他電子類
5538,鋼鐵工業
5543,建材營造
5546,建材營造
9912,電腦及週邊設備業
5514,建材營造
5512,建材營造
5508,建材營造
5468,半導體業
5469,電子工業
5471,半導體業
5474,電腦及週邊設備業
5475,電子零組件業
5478,文化創意業
9917,其他
5483,半導體業
5484,光電業
5487,半導體業
5488,電子零組件業
5489,其他電子類
5490,電腦及週邊設備業
5493,其他電子類
5498,電子零組件業
5511,建材營造
6101,文化創意業
5548,建材營造
5603,航運業
9905,其他
9902,其他
5906,貿易百貨
5907,貿易百貨
6005,金融保險
6015,金融業
6016,金融業
6020,金融業
6021,金融業
6023,金融業
6024,金融保險
6026,金融業
6027,金融業
9906,建材營造
5601,航運業
5878,金融業
5607,航運業
5608,航運業
5609,航運業
9908,油電燃氣業
9907,其他
5859,金融業
5863,金融業
5864,金融業
5871,其他
5871A,其他
5876,金融保險
5880,金融保險
6542,文化創意業
6609,電機機械
6546,通信網路業
7919,光電業
7918,半導體業
7915,通信網路業
7913,半導體業
7912,電子零組件業
7911,綠能環保
6957,其他
7909,半導體業
6958A,其他
6959,化學工業
6962,半導體業
6963,食品工業
6965,運動休閒
7922,綠能環保
6935,食品工業
7928,通信網路業
6937,半導體業
6938,資訊服務業
6939,生技醫療業
6940,電子零組件業
7921,綠能環保
7927,電機機械
6946,綠能環保
6947,綠能環保
7924,生技醫療業
7926,光電業
6995,其他
7894,半導體業
7892,電腦及週邊設備業
7891,生技醫療業
7895,農業科技
7890,綠能環保
7888,生技醫療業
7887,半導體業
7886,半導體業
7885,其他電子業
7883,觀光餐旅
7882,其他
7881,生技醫療業
7880,半導體業
7879,電機機械
7889,食品工業
7896,電子零組件業
6990,綠能環保
7904,數位雲端
7902,生技醫療業
7901,通信網路業
6972,化學工業
6973,生技醫療業
6976,生技醫療業
6977,綠能環保
6979,光電業
6980,通信網路業
7899,半導體業
6984,數位雲端
6987,綠能環保
7898,半導體業
7897,綠能環保
6933,電腦及週邊設備業
6886,食品工業
6887,綠能環保
6890,運動休閒
6891,生技醫療業
6892,生技醫療業
6894,綠能環保類
6895,半導體業
6898,資訊服務業
8039,電子零組件業
6899,光電業
8038,電子零組件業
8034,通信網路業
6904,其他
6906,數位雲端
6907,半導體業
6901,其他
6883,綠能環保
6867,光電業
6868,資訊服務業
8046,電子工業
6870,數位雲端類
8043,電子零組件業
8042,電子零組件業
6874,資訊服務業
6875,生技醫療業
8040,半導體業
6876,生技醫療業
6877,其他電子類
6878,金融業
6879,生技醫療業
6882,資訊服務業
7878,生技醫療業
8033,其他
6921,電子工業
6922,電腦及週邊設備業
8016,半導體業
8011,電子工業
6926,生技醫療業
6929,生技醫療業
7929,電腦及週邊設備業
6932,生技醫療業
6927,半導體業
6920,半導體業
6911,其他
6912,綠能環保
8028,電子工業
8027,電機機械
8024,半導體業
8021,電子工業
6915,電子零組件業
6916,光電業
6917,生技醫療業
8032,電子通路業
7877,綠能環保
7876,生技醫療業
7875,電腦及週邊設備業
7756,觀光餐旅
7758,電子零組件業
7759,生技醫療業
7761,綠能環保
7762,生技醫療業
7763,化學工業
7764,其他
7754,生技醫療業
7771,光電業
7826,數位雲端
7752,綠能環保
7832,生技醫療業
7831,居家生活
7735,資訊服務業
7829,生技醫療業
7737,數位雲端
7742,化學工業
7745,數位雲端
7748,其他
7749,半導體業
7773,生技醫療業
7825,其他電子業
7801,資訊服務業
7823,創新板股票
7806,食品工業
7808,生技醫療業
7813,其他電子業
7814,生技醫療業
7815,半導體業
7816,電子零組件業
7812,通信網路業
7798,建材營造
7779,運動休閒
7781,數位雲端
7783,綠能環保
7784,生技醫療業
7785,數位雲端
7824,其他
7789,觀光餐旅
7790,生技醫療業
7796,半導體業
7797,觀光餐旅
7776,生技醫療業
7731,食品工業
7455,電腦及週邊設備業
7507,綠能環保
7516,其他
7530,半導體業
7551,數位雲端
7556,半導體業
7558,其他
7561,生技醫療業
7443,其他
7562,電腦及週邊設備業
7575,生技醫療業
7578,其他
7583,綠能環保
7851,生技醫療業
7590,其他
7595,生技醫療業
7607,生技醫療業
7566,觀光餐旅
7427,生技醫療業
7419,電子零組件業
7853,半導體業
7873,半導體業
7872,半導體業
7871,生技醫療業
7870,其他電子業
7869,電機機械
7868,資訊服務業
7867,居家生活
7866,半導體業
7865,綠能環保
7863,航運業
7862,紡織纖維
7861,電子零組件業
7858,化學工業
7857,綠能環保
7856,半導體業
7855,其他
7854,電腦及週邊設備業
7402,光電業
7415,半導體業
7418,觀光餐旅
7850,生技醫療業
7840,農業科技
7717,通信網路業
7719,其他
7837,生技醫療業
7724,生技醫療業
7725,生技醫療業
7836,其他
7834,資訊服務業
7726,生技醫療業
7833,綠能環保
7729,生技醫療業
7841,資訊服務業
7669,半導體業
7689,通信網路業
7702,綠能環保
7849,其他電子業
7848,其他電子業
7847,觀光餐旅
7706,其他
7707,半導體業
7846,綠能環保
7843,半導體業
7710,電腦及週邊設備業
6543,生技醫療業
6863,電子工業
6666,生技醫療業
6667,其他電子類
6668,光電業
8255,電機機械
6669,電子工業
8249,電子零組件業
8261,半導體業
8234,電腦及週邊設備業
8227,半導體業
6672,電子工業
8222,電機機械
8215,電子工業
6673,光電業
6674,通信網路業
8240,光電業
6664,電子零組件業
6643,半導體業
8271,電子工業
6648,其他電子業
6649,生技醫療業
6650,文化創意業
6665,生技醫療業
6651,半導體業
6655,其他
6657,化學生技醫療
6658,其他電子業
6659,生技醫療業
6661,生技醫療業
6662,生技醫療業
6654,其他電子類
6676,生技醫療業
6677,生技醫療業
6695,半導體業
8155,電子零組件業
6696,生技醫療業
6697,資訊服務業
8150,電子工業
6698,其他電子業
8131,電子工業
8121,電子零組件業
8119,電腦及週邊設備業
6703,生技醫療業
6704,生技醫療業
8114,電腦及週邊設備業
6705,電機機械
8147,電子零組件業
6693,半導體業
6692,綠能環保類
6679,半導體業
6680,電腦及週邊設備業
6682,光電業
8213,電子零組件業
6683,半導體業
6684,半導體業
8210,電腦及週邊設備業
8201,電子工業
8183,其他電子類
8182,電子零組件業
8176,通信網路業
8163,電腦及週邊設備業
6691,其他電子業
6642,電子零組件業
6640,半導體業
6576,生技醫療業
6577,電腦及週邊設備業
6578,農業科技業
6579,電子工業
8374,電機機械
6580,生技醫療業
8367,航運業
6574,生技醫療業
6582,橡膠工業
6584,電子零組件業
6585,其他
6586,生技醫療業
6588,通信網路業
6590,資訊服務業
6591,電子工業
6583,文化創意業
6573,電子工業
6572,生技醫療業
6547,生技醫療業
6548,半導體業
6549,生技醫療業
6550,化學生技醫療
6552,半導體業
6555,電子零組件業
6556,光電業
6558,其他電子業
6559,光電業
6560,光電業
6561,通信網路業
6563,半導體業
6564,生技醫療業
6565,數位雲端
6568,半導體業
6569,生技醫療業
6570,電腦及週邊設備業
6592,其他
6706,光電業
6592A,其他
8358,電子零組件業
8299,半導體業
8298,資訊服務業
8291,電子零組件業
6618,化學工業
6621,生技醫療業
6622,文化創意業
8329,文化創意業
8289,電子零組件業
6625,其他
8284,資訊服務業
8279,生技醫療業
6634,生技醫療業
8277,半導體業
6638,電腦及週邊設備業
6639,油電燃氣業
6615,生技醫療業
8342,其他
6592B,其他
6593,資訊服務業
8349A,鋼鐵工業
6595,文化創意業
6596,文化創意業
8349,鋼鐵工業
6598,化學生技醫療
6599,電腦及週邊設備業
6603,電機機械
6604,電機機械
6605,汽車工業
8345,農業科技
6606,電機機械
6610,生技醫療業
6612,生技醫療業
6613,其他電子類
8359,觀光餐旅
8112A,電子通路業
8112,電子通路業
8074,電子零組件業
6812,光電業
8072,電子通路業
6814,生技醫療業
6815,生技醫療業
8071,電子零組件業
6816,資訊服務業
6817,生技醫療業
6818,通信網路業
6820,通信網路業
6821,電子零組件業
8070,電子通路業
6823,半導體業
6825,電腦及週邊設備業
6826,其他電子業
6827,生技醫療業
6830,其他電子業
6819,半導體業
6810,生技醫療業
6808,生技醫療業
6796,化學生技醫療
8086,半導體業
6797,生技醫療業
6798,運動休閒
6799,半導體業
8085,其他電子類
8084,電子通路業
8083,電機機械
8081,電子工業
6805,電子工業
8076,電腦及週邊設備業
6832,其他
4942,電子工業
6849,其他電子業
6850,生技醫療業
8050,電腦及週邊設備業
6855,其他電子類
6856,文化創意業
6848,生技醫療業
8049,光電業
6857,生技醫療業
6858,電腦及週邊設備業
6859,光電業
6861,化學生技醫療
8047,其他電子類
6862,電子工業
8048,通信網路業
6847,生技醫療業
6846,食品工業
6844,生技醫療業
8069,光電業
6833,電子零組件業
6834,電子工業
6835,電子工業
8068,電子通路業
8067,電子通路業
8064,光電業
8059,通信網路業
8058,其他電子業
8054,半導體業
6839,綠能環保
6840,其他電子類
6841,生技醫療業
6842,半導體業
6843,電機機械
6864,生技醫療業
8088,半導體業
6792,電子工業
6727,電子零組件業
8103,電子零組件業
6729,光電業
6732,半導體業
6733,生技醫療業
6723,綠能環保
6734,生技醫療業
6737,電腦及週邊設備業
6738,資訊服務業
6742,光電業
6743,其他電子業
6735,其他電子類
8104,光電業
6707,電子通路業
6708,半導體業
8111,光電業
6709,生技醫療業
8110,電子工業
6712,生技醫療業
6715,電子工業
8109,電子零組件業
8107,電機機械
6716,半導體業
8105,電子工業
6719,半導體業
6721,其他
6744,生技醫療業
6793,其他
6748,生技醫療業
6751,資訊服務業
6776,電子工業
8092,其他電子類
8089,通信網路業
6780,文化創意業
6781,電子工業
6782,化學生技醫療
6775,光電業
6785,生技醫療業
6786,半導體業
6787,光電業
6788,半導體業
6789,半導體業
6790,造紙工業
6791,資訊服務業
6784,通信網路業
8093,電子零組件業
8096,電子通路業
6752,資訊服務業
6753,航運業
8101,電子工業
6755,電子零組件業
6756,半導體業
6758,生技醫療業
8099,資訊服務業
6761,電子零組件業
6762,生技醫療業
8098,半導體業
6767,生技醫療業
8097,通信網路業
6770,半導體業
6750,其他電子業
00400A,ETF
4938,電腦及週邊設備業
1781,生技醫療業
1783,化學生技醫療
1784,生技醫療業
1785,其他電子類
1786,化學生技醫療
1788,生技醫療業
1789,化學生技醫療
1795,化學生技醫療
1796,食品工業
1799,生技醫療業
1802,玻璃陶瓷
1805,建材營造
1806,玻璃陶瓷
1808,建材營造
1809,玻璃陶瓷
1810,玻璃陶瓷
1813,生技醫療業
1815,電子零組件業
1817,玻璃陶瓷
1903,造紙工業
1777,生技醫療業
1904,造紙工業
1776,化學生技醫療
1773,化學生技醫療
1726,化學生技醫療
1727,化學工業
1730,化學工業
1731,化學生技醫療
1732,化學工業
1733,化學生技醫療
1734,化學生技醫療
1735,化學工業
1737,食品工業
1742,化學工業
1752,化學生技醫療
1760,化學生技醫療
1762,化學生技醫療
1905,造紙工業
1907,造紙工業
2059,電子工業
2061,電器電纜
2063,鋼鐵工業
2064,鋼鐵工業
2065,鋼鐵工業
2066,電機機械
2067,電機機械
2069,鋼鐵工業
2070,電機機械
2071,鋼鐵工業
2073,鋼鐵工業
2101,橡膠工業
2102,橡膠工業
2103,橡膠工業
2104,橡膠工業
2105,橡膠工業
2106,橡膠工業
2107,橡膠工業
2108,橡膠工業
2109,橡膠工業
2114,橡膠工業
2115,汽車工業
2049,電機機械
1906,造紙工業
2038,鋼鐵工業
2034,鋼鐵工業
1909,造紙工業
2002,鋼鐵工業
2002A,鋼鐵工業
2006,鋼鐵工業
2007,鋼鐵工業
2008,鋼鐵工業
2009,鋼鐵工業
2010,鋼鐵工業
2012,鋼鐵工業
2013,鋼鐵工業
2014,鋼鐵工業
2015,鋼鐵工業
2017,鋼鐵工業
2020,鋼鐵工業
2022,鋼鐵工業
2023,鋼鐵工業
2024,鋼鐵工業
2025,鋼鐵工業
2027,鋼鐵工業
2028,鋼鐵工業
2029,鋼鐵工業
2030,鋼鐵工業
2031,鋼鐵工業
2032,鋼鐵工業
2033,鋼鐵工業
2035,鋼鐵工業
1725,化學生技醫療
1522A,汽車工業
1524,汽車工業
1525,汽車工業
1526,電機機械
1527,電機機械
1528,電機機械
1529,電機機械
1530,電機機械
1531,電機機械
1532,電機機械
1533,汽車工業
1535,電機機械
1536,汽車工業
1537,電機機械
1538,電機機械
1539,電機機械
1540,電機機械
1541,電機機械
1558,電機機械
1560,電機機械
1565,生技醫療業
1568,汽車工業
1569,電腦及週邊設備業
1570,電機機械
1522,汽車工業
1580,電機機械
1521,汽車工業
1517,電機機械
1460,紡織纖維
1463,紡織纖維
1464,紡織纖維
1465,紡織纖維
1466,紡織纖維
1467,紡織纖維
1468,紡織纖維
1470,紡織纖維
1471,電子工業
1473,紡織纖維
1474,紡織纖維
1475,紡織纖維
1476,紡織纖維
1477,紡織纖維
1480,鋼鐵工業
1503,電機機械
1504,電機機械
1506,電機機械
1512,汽車工業
1513,電機機械
1514,電機機械
1515,電機機械
1516,其他
1519,電機機械
1582,電子工業
1583,電機機械
1708,化學生技醫療
1709,化學工業
1710,化學工業
1711,化學工業
1712,化學工業
1713,化學工業
1714,化學工業
1717,化學工業
1718,化學工業
1720,化學生技醫療
1721,化學工業
1722,化學工業
1723,化學工業
1707,生技醫療業
1584,其他
1586,電機機械
1587,汽車工業
1590,電機機械
1594,電機機械
1597,電機機械
1599,電機機械
1603,電器電纜
1604,電器電纜
2201,汽車工業
1605,電器電纜
1609,電器電纜
1611,電器電纜
1612,電器電纜
1614,電器電纜
1615,電器電纜
1616,電器電纜
1617,電器電纜
1618,電器電纜
1626,電器電纜
1702,食品工業
1608,電器電纜
1459,紡織纖維
2204,汽車工業
2207,汽車工業
2395,電腦及週邊設備業
2397,電子工業
2399,電子工業
2401,半導體業
2402,電子工業
2404,其他電子業
2405,電子工業
2406,光電業
2408,半導體業
2409,光電業
2412,通信網路業
2413,電子工業
2414,電子工業
2415,電子工業
2393,電子工業
2392,電子零組件業
2374,光電業
2375,電子工業
2376,電子工業
2377,電子工業
2379,半導體業
2380,電子工業
2382,電子工業
2383,電子工業
2385,電子工業
2387,電子工業
2388,半導體業
2390,其他電子業
2373,電子工業
2417,電腦及週邊設備業
2434,半導體業
2436,半導體業
2438,光電業
2439,通信網路業
2440,電子工業
2441,半導體業
4939,電子零組件業
2444,通信網路業
2449,半導體業
2450,通信網路業
2451,半導體業
2453,資訊服務業
2454,半導體業
2433,電子工業
2419,通信網路業
2420,電子工業
2421,電子工業
2423,其他電子業
2425,電子工業
2426,光電業
2427,資訊服務業
2428,電子工業
2430,電子工業
2431,電子工業
2371,電機機械
2369,電子工業
2302,電子工業
2303,半導體業
2305,電子工業
2308,電子工業
2312,其他電子業
2313,電子工業
2314,通信網路業
2316,電子工業
2317,其他電子業
2321,通信網路業
2323,光電業
2324,電子工業
2327,電子工業
2328,電子工業
2301,電腦及週邊設備業
2208,航運業
2211,鋼鐵工業
2221,其他
2227,汽車工業
2228,汽車工業
2231,汽車工業
2233,汽車工業
2235,電機機械
2236,汽車工業
2237,電機機械
2239,汽車工業
2243,汽車工業
2245,電機機械
2247,汽車工業
2249,電機機械
2250,汽車工業
2252,其他電子業
2255,其他電子業
2256,其他電子業
2329,半導體業
2354,其他電子業
2355,電子工業
2356,電子工業
2357,電子工業
2359,其他電子業
2360,其他電子業
2362,電子工業
2363,半導體業
2364,電子工業
2365,電子工業
2367,電子工業
2368,電子工業
2353,電腦及週邊設備業
2352,電腦及週邊設備業
2330,半導體業
2331,電子工業
2332,通信網路業
2337,半導體業
2338,半導體業
2206,汽車工業
2342,半導體業
2344,半導體業
2345,通信網路業
2347,電子工業
2348,其他
2348A,其他
2349,光電業
2351,半導體業
1457,紡織纖維
1455,紡織纖維
00783,ETF
00830,ETF
00738U,ETF
00739,ETF
00752,ETF
00753L,ETF
00757,ETF
00762,ETF
00763U,ETF
00770,ETF
00771,ETF
00775B,ETF
00737,ETF
00851,ETF
00894,ETF
00895,ETF
00896,ETF
00897,ETF
00898,ETF
00899,ETF
00900,ETF
00901,ETF
00902,ETF
00903,ETF
00904,ETF
00905,ETF
00907,ETF
00908,ETF
00909,ETF
00910,ETF
00911,ETF
00912,ETF
00913,ETF
00915,ETF
00916,ETF
00917,ETF
00918,ETF
00919,ETF
00920,ETF
00893,ETF
00850,ETF
00892,ETF
00852L,ETF
00861,ETF
00865B,ETF
00875,ETF
00876,ETF
00878,ETF
00881,ETF
00882,ETF
00885,ETF
00891,ETF
00736,ETF
00735,ETF
00636K,ETF
00637L,ETF
00638R,ETF
00639,ETF
00640L,ETF
00641R,ETF
00642U,ETF
00643,ETF
00643K,ETF
00645,ETF
00646,ETF
00647L,ETF
00648R,ETF
00650L,ETF
00651R,ETF
00652,ETF
00653L,ETF
00654R,ETF
00655L,ETF
00656R,ETF
00657,ETF
00657K,ETF
00660,ETF
00661,ETF
00662,ETF
00636,ETF
00663L,ETF
00635U,ETF
00633L,ETF
00401A,ETF
00402A,ETF
00403A,ETF
00404A,ETF
00405A,ETF
00406A,ETF
00407A,ETF
0050,ETF
0051,ETF
0052,ETF
0053,ETF
0055,ETF
0056,ETF
0057,ETF
0061,ETF
006203,ETF
006204,ETF
006205,ETF
006206,ETF
006207,ETF
006208,ETF
00625K,ETF
00631L,ETF
00632R,ETF
00634R,ETF
00664R,ETF
00665L,ETF
00666R,ETF
00702,ETF
00703,ETF
00706L,ETF
00707R,ETF
00708L,ETF
00709,ETF
00710B,ETF
00711B,ETF
00712,ETF
00713,ETF
00714,ETF
00715L,ETF
00717,ETF
00728,ETF
00730,ETF
00731,ETF
00733,ETF
00701,ETF
00700,ETF
00668,ETF
00668K,ETF
00669R,ETF
00670L,ETF
00671R,ETF
00673R,ETF
00674R,ETF
00675L,ETF
00676R,ETF
00678,ETF
00680L,ETF
00921,ETF
00681R,ETF
00683L,ETF
00684R,ETF
00686R,ETF
00687C,上櫃ETF
00688L,ETF
00689R,ETF
00690,ETF
00692,ETF
00693U,ETF
00682U,ETF
00922,ETF
00923,ETF
00924,ETF
1215,食品工業
1216,食品工業
1217,食品工業
1218,食品工業
1219,食品工業
1220,食品工業
1225,食品工業
1227,食品工業
1229,食品工業
1231,食品工業
1232,食品工業
1233,食品工業
1234,食品工業
1235,食品工業
1236,食品工業
1240,農業科技業
1256,食品工業
1260,食品工業
1264,食品工業
1269,觀光餐旅
1271,生技醫療業
1293,食品工業
1213,食品工業
1210,食品工業
1201,食品工業
020020,ETN
020025,指數投資證券(ETN)
020027,指數投資證券(ETN)
020028,ETN
020029,ETN
020030,ETN
020031,ETN
020032,ETN
020033,指數投資證券(ETN)
020034,ETN
020035,指數投資證券(ETN)
020036,ETN
020037,ETN
020038,ETN
020039,ETN
020040,指數投資證券(ETN)
020041,指數投資證券(ETN)
1101,水泥工業
1101B,水泥工業
1102,水泥工業
1103,水泥工業
1104,水泥工業
1108,水泥工業
1109,水泥工業
1110,水泥工業
1203,食品工業
1301,塑膠工業
1303,塑膠工業
1304,塑膠工業
1416,其他
1417,紡織纖維
1418,紡織纖維
1419,紡織纖維
1423,紡織纖維
1434,紡織纖維
1435,其他
1436,建材營造
1437,其他
1438,建材營造
1440,紡織纖維
1441,紡織纖維
1442,建材營造
1444,紡織纖維
1445,紡織纖維
1446,紡織纖維
1447,紡織纖維
1449,紡織纖維
1451,紡織纖維
1452,紡織纖維
1454,紡織纖維
1414,紡織纖維
1413,紡織纖維
1410,紡織纖維
1409,紡織纖維
1305,塑膠工業
1307,塑膠工業
1308,塑膠工業
1309,塑膠工業
1310,塑膠工業
1312,塑膠工業
1312A,塑膠工業
1313,塑膠工業
1314,塑膠工業
1315,塑膠工業
1316,建材營造
1319,汽車工業
02001L,ETN
1321,塑膠工業
1324,塑膠工業
1325,塑膠工業
1326,塑膠工業
1336,電子零組件業
1337,塑膠工業
1338,汽車工業
1339,汽車工業
1340,塑膠工業
1341,塑膠工業
1342,其他
1343,綠能環保
1402,紡織纖維
1323,塑膠工業
2455,通信網路業
020012,ETN
020001,指數投資證券(ETN)
00956,ETF
00960,ETF
00961,ETF
00962,ETF
00963,ETF
00964,ETF
00965,ETF
00971,ETF
00972,ETF
009800,ETF
009801,ETF
009802,ETF
009803,ETF
009804,ETF
009805,ETF
009806,上櫃ETF
00954,ETF
009807,上櫃ETF
00953B,ETF
00951,ETF
00926,ETF
00927,ETF
00929,ETF
00930,ETF
00932,ETF
00934,ETF
00935,ETF
00936,ETF
00938,ETF
00939,ETF
00940,ETF
00941,ETF
00943,ETF
00944,ETF
00945B,ETF
00946,ETF
00947,ETF
00949,ETF
00952,ETF
009808,ETF
009809,ETF
00980A,ETF
00984B,上櫃ETF
00984D,ETF
00985A,ETF
00985B,ETF
00985D,上櫃ETF
00986A,ETF
00986B,上櫃ETF
00986D,上櫃ETF
00987A,ETF
00987B,上櫃ETF
00988A,ETF
00988B,上櫃ETF
00989A,ETF
00989B,上櫃ETF
00990A,ETF
00991A,ETF
00992A,ETF
00993A,ETF
00994A,ETF
00995A,ETF
00996A,ETF
00997A,ETF
00998A,上櫃ETF
00999A,ETF
020000,ETN
00984A,ETF
00983D,ETF
00983B,上櫃ETF
00983A,ETF
00980B,上櫃ETF
00980D,上櫃ETF
00980T,上櫃ETF
009810,ETF
009811,ETF
009812,ETF
009813,ETF
009814,上櫃ETF
009815,上櫃ETF
009816,ETF
009817,ETF
009818,ETF
020011,ETN
009819,ETF
00981B,上櫃ETF
00981D,上櫃ETF
00981T,ETF
009820,ETF
009821,ETF
009822,上櫃ETF
009823,上櫃ETF
009824,ETF
00982A,ETF
00982B,上櫃ETF
00982D,ETF
00982T,ETF
00981A,ETF
2457,電子零組件業
3645,電子工業
3646,電子零組件業
3653,電子工業
3659,光電業
3661,半導體業
3663,其他電子類
3664,通信網路業
3665,其他電子業
3666,光電業
3672,通信網路業
3673,光電業
3675,半導體業
3678,光電業
3679,電子工業
3680,半導體業
3644,半導體業
3684,通信網路業
3633,光電業
3631,電子零組件業
3593,電子工業
3594,電腦及週邊設備業
3595,光電業
3596,通信網路業
3597,電子零組件業
3603,電子通路業
3605,電子工業
3607,電子工業
3609,電子零組件業
3611,電腦及週邊設備業
3615,光電業
3617,其他電子業
3622,光電業
3623,光電業
3624,電子零組件業
3625,電腦及週邊設備業
3628,其他電子類
3630,光電業
3632,通信網路業
3592,電子工業
3686,電子工業
3715,電子零組件業
3716,化學生技醫療
3717,汽車工業
4102,生技醫療業
4104,化學生技醫療
4105,生技醫療業
4106,化學生技醫療
4107,生技醫療業
4108,化學生技醫療
4109,生技醫療業
4111,生技醫療業
4113,建材營造
4114,生技醫療業
4115,生技醫療業
4116,生技醫療業
4117,生技醫療業
4119,化學生技醫療
4120,生技醫療業
4121,生技醫療業
4123,生技醫療業
3714,電子工業
3689,電子零組件業
3691,光電業
3693,電腦及週邊設備業
3694,通信網路業
3701,電子工業
3702,電子工業
3703,建材營造
3704,通信網路業
3705,化學生技醫療
3706,電子工業
3707,半導體業
3709,電腦及週邊設備業
3710,電子零組件業
3711,半導體業
3712,電子工業
3591,電子工業
3455,光電業
3466,通信網路業
3473,通信網路業
3479,電腦及週邊設備業
3481,光電業
3483,電腦及週邊設備業
3484,電子零組件業
3489,建材營造
3490,光電業
3491,通信網路業
3492,電子零組件業
3494,電子工業
3498,其他電子類
3499,通信網路業
3501,電子工業
3504,光電業
3447,電子工業
3508,其他電子類
3443,電子工業
3376,電子工業
3379,電機機械
3380,通信網路業
3388,電子零組件業
3390,電子零組件業
3402,其他電子類
3406,光電業
3413,半導體業
3416,電子工業
3419,通信網路業
3430,化學工業
3432,電子工業
3434,光電業
3437,光電業
3438,半導體業
3441,光電業
3444,電子通路業
3511,電子零組件業
3515,電子工業
3548,電子零組件業
3550,電子工業
3552,其他電子類
3555,半導體業
3556,半導體業
3558,通信網路業
3563,光電業
3564,通信網路業
3567,半導體業
3570,資訊服務業
3576,光電業
3577,電腦及週邊設備業
3580,其他電子類
3581,半導體業
3583,半導體業
3585,電子零組件業
3587,其他電子類
3588,半導體業
3546,文化創意業
3545,電子工業
3543,電子工業
3516,光電業
3518,其他電子業
3520,電子零組件業
3523,光電業
3526,電子零組件業
3527,半導體業
3528,電子工業
4126,生技醫療業
3529,半導體業
3530,電子工業
3531,光電業
3532,半導體業
3533,電子工業
3535,光電業
3537,電子零組件業
3540,電腦及週邊設備業
3541,其他電子類
3374,半導體業
4127,生技醫療業
4129,生技醫療業
4706,化學工業
4707,化學工業
4711,化學工業
4714,化學工業
4716,化學工業
4720,化學工業
4721,化學工業
4722,化學工業
4724,生技醫療業
4726,生技醫療業
4728,生技醫療業
4729,光電業
4732,生技醫療業
4735,生技醫療業
4737,化學生技醫療
4738,化學工業
4739,化學工業
4741,化學工業
4743,生技醫療業
4563,電機機械
4564,電機機械
4565,電機機械
4566,電機機械
4568,電機機械
4569,汽車工業
4570,電機機械
4571,電機機械
4572,電機機械
4573,電機機械
4575,電機機械
4576,電機機械
4577,其他電子類
4580,電機機械
4581,汽車工業
4583,電機機械
4584,電機機械
4587,電機機械
4588,其他電子業
4589,電機機械
4562,電機機械
4744,生技醫療業
4746,化學生技醫療
4907,建材營造
4908,通信網路業
4909,通信網路業
4911,生技醫療業
4912,電子工業
4915,電子工業
4916,電子工業
4919,半導體業
4923,半導體業
4925,半導體業
4927,電子工業
4930,電器電纜
4931,電腦及週邊設備業
4933,光電業
4934,光電業
4935,光電業
4906,電子工業
4745,生技醫療業
4904,電子工業
4747,生技醫療業
4754,化學工業
4755,化學工業
4760,其他電子類
4763,化學工業
4764,化學工業
4765,化學工業
4766,化學工業
4767,化學工業
4768,化學工業
4770,化學工業
4771,化學生技醫療
4806,文化創意業
4807,貿易百貨
4903,通信網路業
4561,電機機械
4560,電機機械
4559,運動休閒
4168,生技醫療業
4170,生技醫療業
4171,農業科技業
4172,生技醫療業
4173,生技醫療業
4174,生技醫療業
4175,生技醫療業
4183,生技醫療業
4186,生技醫療業
4188,生技醫療業
4190,化學生技醫療
4192,生技醫療業
4194,生技醫療業
4197,生技醫療業
4198,生技醫療業
4205,食品工業
4207,食品工業
4167,生技醫療業
4303,塑膠工業
4164,化學生技醫療
4130,生技醫療業
4131,生技醫療業
4133,化學生技醫療
4137,化學生技醫療
4138,生技醫療業
4139,生技醫療業
4142,化學生技醫療
4147,生技醫療業
4148,化學生技醫療
4150,生技醫療業
4153,生技醫療業
4155,化學生技醫療
4157,生技醫療業
4160,生技醫療業
4161,生技醫療業
4162,生技醫療業
4163,生技醫療業
4304,塑膠工業
4305,塑膠工業
4306,塑膠工業
4532,電機機械
4533,電機機械
4534,電機機械
4535,電機機械
4537,光電業
4538,電機機械
4540,電機機械
4541,其他
4542,電子零組件業
4543,電機機械
4544,電機機械
4545,電子工業
4546,電機機械
4549,電機機械
4550,電機機械
4551,汽車工業
4552,電機機械
4553,電機機械
4554,其他電子類
4555,電機機械
4556,其他
4557,汽車工業
4558,電機機械
4529,其他
4528,電機機械
4527,電機機械
4401,紡織纖維
4402,紡織纖維
4406,紡織纖維
4413,紡織纖維
4414,紡織纖維
4416,建材營造
4417,紡織纖維
4420,紡織纖維
4426,紡織纖維
4430,其他
4431,其他
4128,生技醫療業
4432,紡織纖維
4438,紡織纖維
4439,紡織纖維
4440,紡織纖維
4442,紡織纖維
4502,電機機械
4503,電機機械
4506,電機機械
4510,電機機械
4513,電機機械
4523,電機機械
4526,電機機械
4433,紡織纖維
3373,其他電子類
3363,通信網路業
2758,觀光餐旅
2760,觀光餐旅
2761,觀光餐旅
2762,運動休閒
2801,金融保險
2812,金融保險
2816,金融保險
2820,金融保險
2832,金融保險
2834,金融保險
2836,金融保險
2836A,金融保險
2838,金融保險
2838A,金融保險
2845,金融保險
2849,金融保險
2850,金融保險
2851,金融保險
2852,金融保險
2855,金融保險
2867,金融保險
2645,航運業
2733,觀光餐旅
2741,觀光餐旅
2644,航運業
2880,金融保險
2881A,金融保險
2906,貿易百貨
2908,貿易百貨
2910,貿易百貨
2911,貿易百貨
2912,貿易百貨
2913,貿易百貨
2915,貿易百貨
2923,建材營造
2926,文化創意業
3372,半導體業
2938,居家生活
2939,貿易百貨
2940,運動休閒
2941,居家生活類
2942,居家生活
2945,貿易百貨
2948,居家生活類
2949,數位雲端類
3002,電子工業
3003,電子工業
2905,貿易百貨
2881,金融保險
2904,其他
2901,貿易百貨
2881B,金融保險
2881C,金融保險
2882,金融保險
2882A,金融保險
2882B,金融保險
2883,金融保險
2883B,金融保險
2884,金融保險
2885,金融保險
2886,金融保險
2887,金融保險
2887E,金融保險
2887F,金融保險
2887G,金融保險
2887H,金融保險
2887I,金融保險
2887Z1,金融保險
2889,金融保險
2890,金融保險
2891,金融保險
2891B,金融保險
2891C,金融保險
2892,金融保險
2897,金融保險
2897B,金融保險
2903,貿易百貨
2643,航運業
2642,航運業
2641,航運業
2477,電子工業
2478,電子工業
2480,資訊服務業
2481,半導體業
2482,其他電子業
2483,電子工業
2484,電子工業
2485,通信網路業
2486,光電業
2488,其他電子業
2489,光電業
2491,光電業
2492,電子工業
2493,電子工業
2476,電子零組件業
2474,電子工業
2458,半導體業
2460,電子工業
2461,其他電子業
2462,電子工業
2464,其他電子業
2465,電子工業
2466,光電業
2467,電子工業
2468,資訊服務業
2471,資訊服務業
2472,電子工業
2548,建材營造
2596,建材營造
2597,建材營造
2603,航運業
2605,航運業
2606,航運業
2607,航運業
2608,航運業
2609,航運業
2610,航運業
2611,航運業
2612,航運業
2613,航運業
2615,航運業
2616,油電燃氣業
2617,航運業
2618,航運業
2630,航運業
2633,航運業
2634,航運業
2636,航運業
2637,航運業
2547,建材營造
2546,建材營造
2545,建材營造
2543,建材營造
2496,其他
2497,汽車工業
2498,通信網路業
2501,建材營造
2504,建材營造
2505,建材營造
2506,建材營造
2509,建材營造
2511,建材營造
2514,其他
2515,建材營造
2516,建材營造
2524,建材營造
2527,建材營造
2528,建材營造
2530,建材營造
2534,建材營造
2535,建材營造
2536,建材營造
2537,建材營造
2538,建材營造
2539,建材營造
2540,建材營造
2542,建材營造
2520,建材營造
3004,鋼鐵工業
2929,貿易百貨
3005,電腦及週邊設備業
3176,生技醫療業
3184,生技醫療業
3188,建材營造
3189,半導體業
3191,電子零組件業
3205,生技醫療業
3206,電子零組件業
3207,電子零組件業
3209,電子工業
3211,電腦及週邊設備業
3213,電腦及週邊設備業
3217,電子零組件業
3218,生技醫療業
3221,通信網路業
3224,電子通路業
3226,電機機械
3227,半導體業
3228,半導體業
3229,電子工業
3169,半導體業
3230,光電業
3168,電子工業
3167,電機機械
3114,電子零組件業
3115,電子零組件業
3117,電子零組件業
3118,生技醫療業
3122,半導體業
3128,光電業
3138,通信網路業
3147,資訊服務業
3149,光電業
3152,通信網路業
3162,電機機械
3163,通信網路業
3164,化學生技醫療
3231,電子工業
3232,電子通路業
3310,電子零組件業
3311,通信網路業
3312,電子工業
3317,半導體業
3321,電子工業
3322,電子零組件業
3323,電腦及週邊設備業
3324,其他電子類
3325,電腦及週邊設備業
3332,電子零組件業
3338,電子工業
3339,光電業
3346,汽車工業
3349,電腦及週邊設備業
3354,電子零組件業
3356,光電業
3357,電子零組件業
3360,電子通路業
3362,光電業
3308,電子零組件業
3306,通信網路業
3305,電子工業
3234,通信網路業
3236,電子零組件業
3257,半導體業
3259,半導體業
3260,半導體業
3264,半導體業
3265,半導體業
3266,建材營造
3268,半導體業
3272,電腦及週邊設備業
3105,半導體業
3276,電子零組件業
3285,其他電子類
3287,電腦及週邊設備業
3288,電子零組件業
3289,其他電子類
3290,電子零組件業
3293,文化創意業
3294,電子零組件業
3296,電子工業
3297,光電業
3303,其他電子類
3284,其他
3097,電腦及週邊設備業
3141,半導體業
3094,電子工業
3024,電子工業
3025,通信網路業
3026,電子工業
3027,通信網路業
3028,電子工業
3029,資訊服務業
3095,通信網路業
3030,電子工業
3031,光電業
3032,電子工業
3033,電子工業
3034,半導體業
3035,半導體業
3036,電子工業
3037,電子工業
3023,電子零組件業
3022,電腦及週邊設備業
3006,半導體業
3008,光電業
3010,電子工業
3011,電子工業
3013,電子工業
3014,半導體業
3015,電子工業
3016,半導體業
3017,電子工業
3018,其他電子業
3019,光電業
3021,電子工業
3038,電子工業
3058,電子工業
3059,光電業
3060,電子工業
3062,通信網路業
3064,文化創意業
3066,光電業
3071,電腦及週邊設備業
3078,電子零組件業
3081,通信網路業
3083,文化創意業
3086,文化創意業
3088,電腦及週邊設備業
3090,電子工業
3093,其他電子類
3057,電腦及週邊設備業
3055,電子通路業
3056,建材營造
3040,其他
3041,半導體業
3042,電子工業
3043,其他電子業
3044,電子工業
3045,通信網路業
3046,電子工業
3047,電子工業
3052,建材營造
3051,電子工業
3050,電子工業
3049,電子工業
3048,電子通路業
OilGasElectricity,Index
OtherElectronic,Index
IronSteel,Index
Optoelectronic,Index
Other,Index
PaperPulp,Index
Textiles,Index
Rubber,Index
Semiconductor,Index
ShippingTransportation,Index
TAIEX,大盤
InformationService,Index
Tourism,Index
Plastics,Index
GlassCeramic,Index
BiotechnologyMedicalCare,Index
FinancialInsurance,Index
ElectronicProductsDistribution,Index
ElectronicPartsComponents,Index
Electronic,Index
ElectricMachinery,Index
ElectricalCable,Index
ComputerPeripheralEquipment,Index
CommunicationsInternet,Index
ChemicalBiotechnologyMedicalCare,Index
Chemical,Index
Cement,Index
BuildingMaterialConstruction,Index
Automobile,Index
TPEx,大盤
Food,Index
TradingConsumersGoods,Index
